"waveid","sui","suj","distance"
1,"pesu101","pesu101","0"
1,"pesu102","pesu101","20.6103081373979"
1,"pesu103","pesu101","23.5080713985026"
1,"pesu104","pesu101","808.090265239939"
1,"pesu105","pesu101","18.2697910367935"
1,"pesu106","pesu101","255.035811823022"
1,"pesu107","pesu101","261.341537642032"
1,"pesu108","pesu101","73.0402556427161"
1,"pesu110","pesu101","230.61486923273"
1,"pesu111","pesu101","267.339960624944"
1,"pesu112","pesu101","268.169433919454"
1,"pesu113","pesu101","251.861687492268"
1,"pesu116","pesu101","38.4961142383316"
1,"pesu117","pesu101","821.731494502384"
1,"pesu119","pesu101","539.133296177878"
1,"pesu120","pesu101","256.207422793216"
1,"pesu121","pesu101","389.348147948266"
1,"pesu122","pesu101","42.435901166036"
1,"pesu123","pesu101","55.548943873953"
1,"pesu124","pesu101","30.018085232752"
1,"pesu125","pesu101","537.152409728371"
1,"pesu126","pesu101","528.615133660694"
1,"pesu127","pesu101","540.348327996965"
1,"pesu128","pesu101","540.52891084104"
1,"pesu129","pesu101","52.1312403445317"
1,"pesu131","pesu101","239.816746040249"
1,"pesu132","pesu101","225.242812853759"
1,"pesu133","pesu101","543.262203128084"
1,"pesu134","pesu101","236.344900072989"
1,"pesu135","pesu101","223.17151459311"
1,"pesu137","pesu101","40.4705505997306"
1,"pesu138","pesu101","26.5662806901839"
1,"pesu139","pesu101","47.3817324697366"
1,"pesu143","pesu101","612.051783169398"
1,"pesu144","pesu101","617.861686837782"
1,"pesu145","pesu101","772.690363773015"
1,"pesu147","pesu101","544.800842810473"
1,"pesu148","pesu101","554.612938555376"
1,"pesu149","pesu101","567.039990540491"
1,"pesu152","pesu101","532.911457898098"
1,"pesu154","pesu101","544.477235937117"
1,"pesu157","pesu101","526.405745863725"
1,"pesu161","pesu101","835.70700751956"
1,"pesu162","pesu101",NA
1,"pesu101","pesu102","20.6103081373979"
1,"pesu102","pesu102","0"
1,"pesu103","pesu102","13.1200047894789"
1,"pesu104","pesu102","789.232001563651"
1,"pesu105","pesu102","25.3434656644954"
1,"pesu106","pesu102","235.007689281726"
1,"pesu107","pesu102","258.071533350902"
1,"pesu108","pesu102","71.9666649469231"
1,"pesu110","pesu102","210.698676154199"
1,"pesu111","pesu102","264.569032261026"
1,"pesu112","pesu102","266.450846769607"
1,"pesu113","pesu102","231.615430740306"
1,"pesu116","pesu102","36.4942114320416"
1,"pesu117","pesu102","802.903201453964"
1,"pesu119","pesu102","519.521437469145"
1,"pesu120","pesu102","236.227671086272"
1,"pesu121","pesu102","369.731032188782"
1,"pesu122","pesu102","59.6887187500499"
1,"pesu123","pesu102","51.5710617698225"
1,"pesu124","pesu102","33.8852325813018"
1,"pesu125","pesu102","519.185288496227"
1,"pesu126","pesu102","523.097464193189"
1,"pesu127","pesu102","521.753698171893"
1,"pesu128","pesu102","522.163101737322"
1,"pesu129","pesu102","37.2383647712099"
1,"pesu131","pesu102","219.768755876534"
1,"pesu132","pesu102","206.418376045568"
1,"pesu133","pesu102","536.97146322979"
1,"pesu134","pesu102","233.724071664136"
1,"pesu135","pesu102","203.36018361754"
1,"pesu137","pesu102","56.4397779904634"
1,"pesu138","pesu102","5.95727718053431"
1,"pesu139","pesu102","48.3506201368158"
1,"pesu143","pesu102","610.410232590384"
1,"pesu144","pesu102","615.970370694552"
1,"pesu145","pesu102","774.136772984205"
1,"pesu147","pesu102","539.036524332269"
1,"pesu148","pesu102","548.588839935502"
1,"pesu149","pesu102","560.732113765408"
1,"pesu152","pesu102","523.265974597431"
1,"pesu154","pesu102","533.308936171311"
1,"pesu157","pesu102","507.868298740011"
1,"pesu161","pesu102","816.890701883648"
1,"pesu162","pesu102",NA
1,"pesu101","pesu103","23.5080713985026"
1,"pesu102","pesu103","13.1200047894789"
1,"pesu103","pesu103","0"
1,"pesu104","pesu103","795.63428850641"
1,"pesu105","pesu103","35.3306854117628"
1,"pesu106","pesu103","233.193816439361"
1,"pesu107","pesu103","245.23244074064"
1,"pesu108","pesu103","58.8472889498368"
1,"pesu110","pesu103","208.611519121866"
1,"pesu111","pesu103","251.66786154474"
1,"pesu112","pesu103","253.441919005801"
1,"pesu113","pesu103","230.486651174985"
1,"pesu116","pesu103","23.479656884412"
1,"pesu117","pesu103","809.344456763974"
1,"pesu119","pesu103","516.603656617578"
1,"pesu120","pesu103","234.280277634311"
1,"pesu121","pesu103","366.857446133098"
1,"pesu122","pesu103","65.8511297698065"
1,"pesu123","pesu103","38.5110202464444"
1,"pesu124","pesu103","22.548179627734"
1,"pesu125","pesu103","526.743671960238"
1,"pesu126","pesu103","510.720925533373"
1,"pesu127","pesu103","528.578737190767"
1,"pesu128","pesu103","529.269867192692"
1,"pesu129","pesu103","28.6361910181755"
1,"pesu131","pesu103","218.027171874431"
1,"pesu132","pesu103","213.255178935396"
1,"pesu133","pesu103","524.779976380321"
1,"pesu134","pesu103","220.79475983722"
1,"pesu135","pesu103","201.021955089428"
1,"pesu137","pesu103","63.5415854658113"
1,"pesu138","pesu103","14.970748763107"
1,"pesu139","pesu103","35.522565214212"
1,"pesu143","pesu103","597.430724346161"
1,"pesu144","pesu103","603.015711704138"
1,"pesu145","pesu103","761.016783930788"
1,"pesu147","pesu103","526.71805484318"
1,"pesu148","pesu103","536.333031024209"
1,"pesu149","pesu103","548.547771506321"
1,"pesu152","pesu103","512.138549562323"
1,"pesu154","pesu103","522.832182974753"
1,"pesu157","pesu103","514.771370579522"
1,"pesu161","pesu103","823.346003791951"
1,"pesu162","pesu103",NA
1,"pesu101","pesu104","808.090265239939"
1,"pesu102","pesu104","789.232001563651"
1,"pesu103","pesu104","795.63428850641"
1,"pesu104","pesu104","0"
1,"pesu105","pesu104","798.455023024375"
1,"pesu106","pesu104","622.181945720131"
1,"pesu107","pesu104","900.041455194843"
1,"pesu108","pesu104","826.836764666761"
1,"pesu110","pesu104","641.435928311095"
1,"pesu111","pesu104","908.798410101133"
1,"pesu112","pesu104","920.949197573834"
1,"pesu113","pesu104","615.086083137179"
1,"pesu116","pesu104","810.519903025213"
1,"pesu117","pesu104","13.9590511704922"
1,"pesu119","pesu104","535.471312173642"
1,"pesu120","pesu104","623.318216663705"
1,"pesu121","pesu104","573.485100909604"
1,"pesu122","pesu104","827.803802189122"
1,"pesu123","pesu104","811.624224750558"
1,"pesu124","pesu104","816.49664225441"
1,"pesu125","pesu104","277.68985470031"
1,"pesu126","pesu104","1017.32777620984"
1,"pesu127","pesu104","268.358804170165"
1,"pesu128","pesu104","269.77391602223"
1,"pesu129","pesu104","782.282583070858"
1,"pesu131","pesu104","631.089625805704"
1,"pesu132","pesu104","582.862483061422"
1,"pesu133","pesu104","1009.91208322083"
1,"pesu134","pesu104","894.083365093038"
1,"pesu135","pesu104","649.272294358728"
1,"pesu137","pesu104","822.0284973268"
1,"pesu138","pesu104","783.740935704277"
1,"pesu139","pesu104","820.612949299514"
1,"pesu143","pesu104","1154.45740029481"
1,"pesu144","pesu104","1153.86474227011"
1,"pesu145","pesu104","1346.24107141218"
1,"pesu147","pesu104","1022.31606919393"
1,"pesu148","pesu104","1022.86554002983"
1,"pesu149","pesu104","1024.38626870557"
1,"pesu152","pesu104","925.266067238394"
1,"pesu154","pesu104","890.616614421097"
1,"pesu157","pesu104","282.534372197925"
1,"pesu161","pesu104","27.9369495739634"
1,"pesu162","pesu104",NA
1,"pesu101","pesu105","18.2697910367935"
1,"pesu102","pesu105","25.3434656644954"
1,"pesu103","pesu105","35.3306854117628"
1,"pesu104","pesu105","798.455023024375"
1,"pesu105","pesu105","0"
1,"pesu106","pesu105","257.02399638907"
1,"pesu107","pesu105","278.553943072696"
1,"pesu108","pesu105","90.4245703076536"
1,"pesu110","pesu105","233.031329651225"
1,"pesu111","pesu105","284.695610695772"
1,"pesu112","pesu105","285.787076036594"
1,"pesu113","pesu105","252.985709515952"
1,"pesu116","pesu105","55.0671910270115"
1,"pesu117","pesu105","812.037068362447"
1,"pesu119","pesu105","542.193017018992"
1,"pesu120","pesu105","258.362630439005"
1,"pesu121","pesu105","392.466766775895"
1,"pesu122","pesu105","36.4678146203138"
1,"pesu123","pesu105","71.8665257069353"
1,"pesu124","pesu105","47.7809697013575"
1,"pesu125","pesu105","526.184763201473"
1,"pesu126","pesu105","545.163321381959"
1,"pesu127","pesu105","530.359676840749"
1,"pesu128","pesu105","530.162581808452"
1,"pesu129","pesu105","62.419836680592"
1,"pesu131","pesu105","241.762935584915"
1,"pesu132","pesu105","216.168491723956"
1,"pesu133","pesu105","559.503805333676"
1,"pesu134","pesu105","253.720398737298"
1,"pesu135","pesu105","225.931543090943"
1,"pesu137","pesu105","32.32249900455"
1,"pesu138","pesu105","29.7416166555622"
1,"pesu139","pesu105","64.9539639745033"
1,"pesu143","pesu105","629.763005541707"
1,"pesu144","pesu105","635.518519382647"
1,"pesu145","pesu105","790.874367972831"
1,"pesu147","pesu105","561.256087436044"
1,"pesu148","pesu105","570.966023019667"
1,"pesu149","pesu105","583.278086600572"
1,"pesu152","pesu105","547.467684540283"
1,"pesu154","pesu105","558.060515507817"
1,"pesu157","pesu105","516.329598715822"
1,"pesu161","pesu105","825.986797320551"
1,"pesu162","pesu105",NA
1,"pesu101","pesu106","255.035811823022"
1,"pesu102","pesu106","235.007689281726"
1,"pesu103","pesu106","233.193816439361"
1,"pesu104","pesu106","622.181945720131"
1,"pesu105","pesu106","257.02399638907"
1,"pesu106","pesu106","0"
1,"pesu107","pesu106","279.547282587683"
1,"pesu108","pesu106","234.735492328225"
1,"pesu110","pesu106","24.8973562278615"
1,"pesu111","pesu106","288.446574904869"
1,"pesu112","pesu106","300.012967397246"
1,"pesu113","pesu106","12.5964018265235"
1,"pesu116","pesu106","235.478582603298"
1,"pesu117","pesu106","636.134341701693"
1,"pesu119","pesu106","285.568597201714"
1,"pesu120","pesu106","2.67476270379423"
1,"pesu121","pesu106","136.373111475171"
1,"pesu122","pesu106","293.464496281074"
1,"pesu123","pesu106","227.847685327624"
1,"pesu124","pesu106","245.704046131744"
1,"pesu125","pesu106","386.785317525957"
1,"pesu126","pesu106","459.221073192937"
1,"pesu127","pesu106","374.609013420013"
1,"pesu128","pesu106","380.422265659999"
1,"pesu129","pesu106","207.66963530137"
1,"pesu131","pesu106","15.2610690491498"
1,"pesu132","pesu106","151.211257694814"
1,"pesu133","pesu106","462.313933633274"
1,"pesu134","pesu106","272.070934542421"
1,"pesu135","pesu106","33.1161030735157"
1,"pesu137","pesu106","289.261542524688"
1,"pesu138","pesu106","229.275257110944"
1,"pesu139","pesu106","240.6060895718"
1,"pesu143","pesu106","583.054236451242"
1,"pesu144","pesu106","585.301771962016"
1,"pesu145","pesu106","771.233362676075"
1,"pesu147","pesu106","470.45117943717"
1,"pesu148","pesu106","475.896864263525"
1,"pesu149","pesu106","483.424179967222"
1,"pesu152","pesu106","408.925714179205"
1,"pesu154","pesu106","398.720881000176"
1,"pesu157","pesu106","363.39827324589"
1,"pesu161","pesu106","650.004062712347"
1,"pesu162","pesu106",NA
1,"pesu101","pesu107","261.341537642032"
1,"pesu102","pesu107","258.071533350902"
1,"pesu103","pesu107","245.23244074064"
1,"pesu104","pesu107","900.041455194843"
1,"pesu105","pesu107","278.553943072696"
1,"pesu106","pesu107","279.547282587683"
1,"pesu107","pesu107","0"
1,"pesu108","pesu107","188.302257100326"
1,"pesu110","pesu107","263.417939148036"
1,"pesu111","pesu107","8.97125785248482"
1,"pesu112","pesu107","21.3800151601865"
1,"pesu113","pesu107","288.183062074918"
1,"pesu116","pesu107","223.51318364289"
1,"pesu117","pesu107","913.964678378866"
1,"pesu119","pesu107","471.834774834915"
1,"pesu120","pesu107","278.114975612559"
1,"pesu121","pesu107","349.269776018046"
1,"pesu122","pesu107","295.739226309376"
1,"pesu123","pesu107","206.958805327124"
1,"pesu124","pesu107","231.373465310088"
1,"pesu125","pesu107","664.013973826107"
1,"pesu126","pesu107","269.425101531697"
1,"pesu127","pesu107","653.610367885839"
1,"pesu128","pesu107","658.916198350682"
1,"pesu129","pesu107","226.333933845598"
1,"pesu131","pesu107","272.821973303546"
1,"pesu132","pesu107","377.684033922401"
1,"pesu133","pesu107","286.131729062396"
1,"pesu134","pesu107","25.9146192083953"
1,"pesu135","pesu107","256.566550479043"
1,"pesu137","pesu107","296.785060925002"
1,"pesu138","pesu107","257.567242888639"
1,"pesu139","pesu107","213.981790767536"
1,"pesu143","pesu107","353.066789417091"
1,"pesu144","pesu107","358.343671968687"
1,"pesu145","pesu107","523.995909013359"
1,"pesu147","pesu107","286.1230730259"
1,"pesu148","pesu107","296.576408461683"
1,"pesu149","pesu107","309.761911511636"
1,"pesu152","pesu107","294.401102591915"
1,"pesu154","pesu107","318.691946867718"
1,"pesu157","pesu107","642.046286309689"
1,"pesu161","pesu107","927.736548595657"
1,"pesu162","pesu107",NA
1,"pesu101","pesu108","73.0402556427161"
1,"pesu102","pesu108","71.9666649469231"
1,"pesu103","pesu108","58.8472889498368"
1,"pesu104","pesu108","826.836764666761"
1,"pesu105","pesu108","90.4245703076536"
1,"pesu106","pesu108","234.735492328225"
1,"pesu107","pesu108","188.302257100326"
1,"pesu108","pesu108","0"
1,"pesu110","pesu108","209.98157321984"
1,"pesu111","pesu108","194.321552543291"
1,"pesu112","pesu108","195.39026284884"
1,"pesu113","pesu108","235.186918832767"
1,"pesu116","pesu108","35.7894300531088"
1,"pesu117","pesu108","840.681333114576"
1,"pesu119","pesu108","508.132659879944"
1,"pesu120","pesu108","235.17893730612"
1,"pesu121","pesu108","360.255431590877"
1,"pesu122","pesu108","109.411785540595"
1,"pesu123","pesu108","21.1425395364704"
1,"pesu124","pesu108","43.0856413737262"
1,"pesu125","pesu108","563.644627422241"
1,"pesu126","pesu108","455.963663891625"
1,"pesu127","pesu108","562.452950362808"
1,"pesu128","pesu108","564.303332505975"
1,"pesu129","pesu108","50.4440802359"
1,"pesu131","pesu108","220.516573617272"
1,"pesu132","pesu108","250.618271201812"
1,"pesu133","pesu108","470.980969462383"
1,"pesu134","pesu108","163.332897897995"
1,"pesu135","pesu108","201.636960008334"
1,"pesu137","pesu108","109.682801040442"
1,"pesu138","pesu108","72.888544986211"
1,"pesu139","pesu108","25.6947297791403"
1,"pesu143","pesu108","539.405152146268"
1,"pesu144","pesu108","545.123882398391"
1,"pesu145","pesu108","702.172232292088"
1,"pesu147","pesu108","472.248704699687"
1,"pesu148","pesu108","482.181503060047"
1,"pesu149","pesu108","494.75507309083"
1,"pesu152","pesu108","463.892699108261"
1,"pesu154","pesu108","477.87740392932"
1,"pesu157","pesu108","549.035670015907"
1,"pesu161","pesu108","854.711717481583"
1,"pesu162","pesu108",NA
1,"pesu101","pesu110","230.61486923273"
1,"pesu102","pesu110","210.698676154199"
1,"pesu103","pesu110","208.611519121866"
1,"pesu104","pesu110","641.435928311095"
1,"pesu105","pesu110","233.031329651225"
1,"pesu106","pesu110","24.8973562278615"
1,"pesu107","pesu110","263.417939148036"
1,"pesu108","pesu110","209.98157321984"
1,"pesu110","pesu110","0"
1,"pesu111","pesu110","272.374175701675"
1,"pesu112","pesu110","283.425608095374"
1,"pesu113","pesu110","26.8440932989824"
1,"pesu116","pesu110","210.617125378087"
1,"pesu117","pesu110","655.394713695681"
1,"pesu119","pesu110","309.197724449965"
1,"pesu120","pesu110","25.7214637590857"
1,"pesu121","pesu110","159.58575243566"
1,"pesu122","pesu110","269.425103490683"
1,"pesu123","pesu110","202.953511534202"
1,"pesu124","pesu110","220.878782451875"
1,"pesu125","pesu110","400.770632154861"
1,"pesu126","pesu110","455.63972490393"
1,"pesu127","pesu110","390.305159928719"
1,"pesu128","pesu110","395.501733849942"
1,"pesu129","pesu110","182.890707894982"
1,"pesu131","pesu110","10.8646252382426"
1,"pesu132","pesu110","145.395155758816"
1,"pesu133","pesu110","460.077991879638"
1,"pesu134","pesu110","254.269078031023"
1,"pesu135","pesu110","8.47020827915076"
1,"pesu137","pesu110","265.318686302209"
1,"pesu138","pesu110","205.00842692767"
1,"pesu139","pesu110","215.708929343341"
1,"pesu143","pesu110","576.463548540814"
1,"pesu144","pesu110","579.086515505058"
1,"pesu145","pesu110","763.137192289775"
1,"pesu147","pesu110","467.560877489524"
1,"pesu148","pesu110","473.563633797979"
1,"pesu149","pesu110","481.734529237045"
1,"pesu152","pesu110","411.27992432581"
1,"pesu154","pesu110","403.872156442659"
1,"pesu157","pesu110","378.648888920673"
1,"pesu161","pesu110","669.311505457614"
1,"pesu162","pesu110",NA
1,"pesu101","pesu111","267.339960624944"
1,"pesu102","pesu111","264.569032261026"
1,"pesu103","pesu111","251.66786154474"
1,"pesu104","pesu111","908.798410101133"
1,"pesu105","pesu111","284.695610695772"
1,"pesu106","pesu111","288.446574904869"
1,"pesu107","pesu111","8.97125785248482"
1,"pesu108","pesu111","194.321552543291"
1,"pesu110","pesu111","272.374175701675"
1,"pesu111","pesu111","0"
1,"pesu112","pesu111","13.7623636642666"
1,"pesu113","pesu111","297.113879795007"
1,"pesu116","pesu111","229.717089448454"
1,"pesu117","pesu111","922.719458272968"
1,"pesu119","pesu111","478.624109520134"
1,"pesu120","pesu111","287.004953191703"
1,"pesu121","pesu111","357.142983847191"
1,"pesu122","pesu111","301.113632401156"
1,"pesu123","pesu111","213.291016794755"
1,"pesu124","pesu111","237.33617141744"
1,"pesu125","pesu111","672.98109606518"
1,"pesu126","pesu111","264.928274663758"
1,"pesu127","pesu111","662.55227897402"
1,"pesu128","pesu111","667.869990607069"
1,"pesu129","pesu111","233.311046703531"
1,"pesu131","pesu111","281.766037555534"
1,"pesu132","pesu111","386.430108412269"
1,"pesu133","pesu111","282.172482029147"
1,"pesu134","pesu111","31.0003093954211"
1,"pesu135","pesu111","265.530979618853"
1,"pesu137","pesu111","302.295290760417"
1,"pesu138","pesu111","264.203822569905"
1,"pesu139","pesu111","219.958384042477"
1,"pesu143","pesu111","346.102053113215"
1,"pesu144","pesu111","351.504542071184"
1,"pesu145","pesu111","516.011300922598"
1,"pesu147","pesu111","281.756483289758"
1,"pesu148","pesu111","292.369955131187"
1,"pesu149","pesu111","305.72210190238"
1,"pesu152","pesu111","293.25391502826"
1,"pesu154","pesu111","318.709342203378"
1,"pesu157","pesu111","650.996828291662"
1,"pesu161","pesu111","936.485582468895"
1,"pesu162","pesu111",NA
1,"pesu101","pesu112","268.169433919454"
1,"pesu102","pesu112","266.450846769607"
1,"pesu103","pesu112","253.441919005801"
1,"pesu104","pesu112","920.949197573834"
1,"pesu105","pesu112","285.787076036594"
1,"pesu106","pesu112","300.012967397246"
1,"pesu107","pesu112","21.3800151601865"
1,"pesu108","pesu112","195.39026284884"
1,"pesu110","pesu112","283.425608095374"
1,"pesu111","pesu112","13.7623636642666"
1,"pesu112","pesu112","0"
1,"pesu113","pesu112","308.443556522722"
1,"pesu116","pesu112","231.054155052567"
1,"pesu117","pesu112","934.877113289886"
1,"pesu119","pesu112","492.386365520837"
1,"pesu120","pesu112","298.62871399656"
1,"pesu121","pesu112","370.596218190045"
1,"pesu122","pesu112","300.658107209193"
1,"pesu123","pesu112","214.942711401325"
1,"pesu124","pesu112","238.159701426165"
1,"pesu125","pesu112","683.73612766533"
1,"pesu126","pesu112","267.999732115844"
1,"pesu127","pesu112","673.72209170131"
1,"pesu128","pesu112","678.89109841105"
1,"pesu129","pesu112","236.336065742957"
1,"pesu131","pesu112","292.970129311413"
1,"pesu132","pesu112","394.788061913306"
1,"pesu133","pesu112","286.117098326179"
1,"pesu134","pesu112","34.1351439979707"
1,"pesu135","pesu112","276.434561821419"
1,"pesu137","pesu112","302.097639508892"
1,"pesu138","pesu112","266.390961629144"
1,"pesu139","pesu112","220.85672229509"
1,"pesu143","pesu112","344.035299321022"
1,"pesu144","pesu112","349.734346206031"
1,"pesu145","pesu112","511.025545996772"
1,"pesu147","pesu112","285.020428228386"
1,"pesu148","pesu112","295.887291820322"
1,"pesu149","pesu112","309.496386559464"
1,"pesu152","pesu112","301.208042912413"
1,"pesu154","pesu112","328.01035802232"
1,"pesu157","pesu112","662.064110608521"
1,"pesu161","pesu112","948.661548528846"
1,"pesu162","pesu112",NA
1,"pesu101","pesu113","251.861687492268"
1,"pesu102","pesu113","231.615430740306"
1,"pesu103","pesu113","230.486651174985"
1,"pesu104","pesu113","615.086083137179"
1,"pesu105","pesu113","252.985709515952"
1,"pesu106","pesu113","12.5964018265235"
1,"pesu107","pesu113","288.183062074918"
1,"pesu108","pesu113","235.186918832767"
1,"pesu110","pesu113","26.8440932989824"
1,"pesu111","pesu113","297.113879795007"
1,"pesu112","pesu113","308.443556522722"
1,"pesu113","pesu113","0"
1,"pesu116","pesu113","234.012037461375"
1,"pesu117","pesu113","629.043718983332"
1,"pesu119","pesu113","291.005890658147"
1,"pesu120","pesu113","15.2393337791126"
1,"pesu121","pesu113","142.77931120649"
1,"pesu122","pesu113","289.453053514221"
1,"pesu123","pesu113","227.220785620213"
1,"pesu124","pesu113","243.955798568666"
1,"pesu125","pesu113","376.933849013281"
1,"pesu126","pesu113","471.393361598707"
1,"pesu127","pesu113","365.485216352023"
1,"pesu128","pesu113","371.022430896505"
1,"pesu129","pesu113","205.737252185184"
1,"pesu131","pesu113","16.1088631020399"
1,"pesu132","pesu113","138.95832433791"
1,"pesu133","pesu113","474.64267842666"
1,"pesu134","pesu113","279.86516458961"
1,"pesu135","pesu113","35.1809758214246"
1,"pesu137","pesu113","285.089002768873"
1,"pesu138","pesu113","225.80567584804"
1,"pesu139","pesu113","239.723460069155"
1,"pesu143","pesu113","594.765531007851"
1,"pesu144","pesu113","597.083249857107"
1,"pesu145","pesu113","782.653553177578"
1,"pesu147","pesu113","482.709738877595"
1,"pesu148","pesu113","488.217316802538"
1,"pesu149","pesu113","495.808463349741"
1,"pesu152","pesu113","421.517299191406"
1,"pesu154","pesu113","411.272734744763"
1,"pesu157","pesu113","354.068218199803"
1,"pesu161","pesu113","642.946117375724"
1,"pesu162","pesu113",NA
1,"pesu101","pesu116","38.4961142383316"
1,"pesu102","pesu116","36.4942114320416"
1,"pesu103","pesu116","23.479656884412"
1,"pesu104","pesu116","810.519903025213"
1,"pesu105","pesu116","55.0671910270115"
1,"pesu106","pesu116","235.478582603298"
1,"pesu107","pesu116","223.51318364289"
1,"pesu108","pesu116","35.7894300531088"
1,"pesu110","pesu116","210.617125378087"
1,"pesu111","pesu116","229.717089448454"
1,"pesu112","pesu116","231.054155052567"
1,"pesu113","pesu116","234.012037461375"
1,"pesu116","pesu116","0"
1,"pesu117","pesu116","824.285392493886"
1,"pesu119","pesu116","515.879792296063"
1,"pesu120","pesu116","236.31659868266"
1,"pesu121","pesu116","366.551204718984"
1,"pesu122","pesu116","78.4279735450165"
1,"pesu123","pesu116","17.0591085062889"
1,"pesu124","pesu116","11.4450072936401"
1,"pesu125","pesu116","543.553302132961"
1,"pesu126","pesu116","490.254729285484"
1,"pesu127","pesu116","544.279588719459"
1,"pesu128","pesu116","545.398240185525"
1,"pesu129","pesu116","29.2330254025246"
1,"pesu131","pesu116","220.566839104739"
1,"pesu132","pesu116","229.628656550965"
1,"pesu133","pesu116","504.80340030706"
1,"pesu134","pesu116","198.761925747853"
1,"pesu135","pesu116","202.649399126324"
1,"pesu137","pesu116","77.6374584710946"
1,"pesu138","pesu116","38.1685797998942"
1,"pesu139","pesu116","12.312626447698"
1,"pesu143","pesu116","575.088346964482"
1,"pesu144","pesu116","580.767194403447"
1,"pesu145","pesu116","737.834221115612"
1,"pesu147","pesu116","506.403462309455"
1,"pesu148","pesu116","516.182359967592"
1,"pesu149","pesu116","528.580882284932"
1,"pesu152","pesu116","494.784153201289"
1,"pesu154","pesu116","506.959982535471"
1,"pesu157","pesu116","530.603401920861"
1,"pesu161","pesu116","838.303364357879"
1,"pesu162","pesu116",NA
1,"pesu101","pesu117","821.731494502384"
1,"pesu102","pesu117","802.903201453964"
1,"pesu103","pesu117","809.344456763974"
1,"pesu104","pesu117","13.9590511704922"
1,"pesu105","pesu117","812.037068362447"
1,"pesu106","pesu117","636.134341701693"
1,"pesu107","pesu117","913.964678378866"
1,"pesu108","pesu117","840.681333114576"
1,"pesu110","pesu117","655.394713695681"
1,"pesu111","pesu117","922.719458272968"
1,"pesu112","pesu117","934.877113289886"
1,"pesu113","pesu117","629.043718983332"
1,"pesu116","pesu117","824.285392493886"
1,"pesu117","pesu117","0"
1,"pesu119","pesu117","547.715723554238"
1,"pesu120","pesu117","637.268851816144"
1,"pesu121","pesu117","587.037454773409"
1,"pesu122","pesu117","841.295766123109"
1,"pesu123","pesu117","825.434939860101"
1,"pesu124","pesu117","830.233569313111"
1,"pesu125","pesu117","290.623189050473"
1,"pesu126","pesu117","1030.55961896213"
1,"pesu127","pesu117","281.832960754688"
1,"pesu128","pesu117","283.057096534062"
1,"pesu129","pesu117","796.069388696049"
1,"pesu131","pesu117","645.047781876864"
1,"pesu132","pesu117","596.516730590441"
1,"pesu133","pesu117","1023.03498756018"
1,"pesu134","pesu117","908.029053164732"
1,"pesu135","pesu117","663.231334749867"
1,"pesu137","pesu117","835.518127898765"
1,"pesu138","pesu117","797.420324667603"
1,"pesu139","pesu117","834.397759523962"
1,"pesu143","pesu117","1167.74634237327"
1,"pesu144","pesu117","1167.11876962585"
1,"pesu145","pesu117","1359.48788863606"
1,"pesu147","pesu117","1035.47397556587"
1,"pesu148","pesu117","1035.96796694041"
1,"pesu149","pesu117","1037.4190823797"
1,"pesu152","pesu117","938.16540599064"
1,"pesu154","pesu117","903.324126246138"
1,"pesu157","pesu117","295.981505315401"
1,"pesu161","pesu117","14.0305201568547"
1,"pesu162","pesu117",NA
1,"pesu101","pesu119","539.133296177878"
1,"pesu102","pesu119","519.521437469145"
1,"pesu103","pesu119","516.603656617578"
1,"pesu104","pesu119","535.471312173642"
1,"pesu105","pesu119","542.193017018992"
1,"pesu106","pesu119","285.568597201714"
1,"pesu107","pesu119","471.834774834915"
1,"pesu108","pesu119","508.132659879944"
1,"pesu110","pesu119","309.197724449965"
1,"pesu111","pesu119","478.624109520134"
1,"pesu112","pesu119","492.386365520837"
1,"pesu113","pesu119","291.005890658147"
1,"pesu116","pesu119","515.879792296063"
1,"pesu117","pesu119","547.715723554238"
1,"pesu119","pesu119","0"
1,"pesu120","pesu119","284.074651291192"
1,"pesu121","pesu119","149.791974365067"
1,"pesu122","pesu119","578.54651802102"
1,"pesu123","pesu119","505.713946542411"
1,"pesu124","pesu119","526.751416799522"
1,"pesu125","pesu119","423.661841701858"
1,"pesu126","pesu119","499.926116535118"
1,"pesu127","pesu119","392.50258229742"
1,"pesu128","pesu119","404.937612088608"
1,"pesu129","pesu119","489.708655654741"
1,"pesu131","pesu119","300.788001111569"
1,"pesu132","pesu119","395.890223960681"
1,"pesu133","pesu119","488.235937061735"
1,"pesu134","pesu119","478.966378944874"
1,"pesu135","pesu119","316.270564591896"
1,"pesu137","pesu119","574.495216965804"
1,"pesu138","pesu119","513.913748834015"
1,"pesu139","pesu119","519.069847024236"
1,"pesu143","pesu119","637.470935793071"
1,"pesu144","pesu119","635.396613826118"
1,"pesu145","pesu119","825.744274410669"
1,"pesu147","pesu119","501.772692764069"
1,"pesu148","pesu119","500.281841682789"
1,"pesu149","pesu119","499.515904356226"
1,"pesu152","pesu119","397.686312174994"
1,"pesu154","pesu119","359.119764599394"
1,"pesu157","pesu119","390.614133739113"
1,"pesu161","pesu119","559.215229727586"
1,"pesu162","pesu119",NA
1,"pesu101","pesu120","256.207422793216"
1,"pesu102","pesu120","236.227671086272"
1,"pesu103","pesu120","234.280277634311"
1,"pesu104","pesu120","623.318216663705"
1,"pesu105","pesu120","258.362630439005"
1,"pesu106","pesu120","2.67476270379423"
1,"pesu107","pesu120","278.114975612559"
1,"pesu108","pesu120","235.17893730612"
1,"pesu110","pesu120","25.7214637590857"
1,"pesu111","pesu120","287.004953191703"
1,"pesu112","pesu120","298.62871399656"
1,"pesu113","pesu120","15.2393337791126"
1,"pesu116","pesu120","236.31659868266"
1,"pesu117","pesu120","637.268851816144"
1,"pesu119","pesu120","284.074651291192"
1,"pesu120","pesu120","0"
1,"pesu121","pesu120","134.740787923936"
1,"pesu122","pesu120","294.789947719414"
1,"pesu123","pesu120","228.517412676738"
1,"pesu124","pesu120","246.595496011058"
1,"pesu125","pesu120","388.59042728479"
1,"pesu126","pesu120","456.795352854924"
1,"pesu127","pesu120","376.237423819766"
1,"pesu128","pesu120","382.11701535044"
1,"pesu129","pesu120","208.612041419669"
1,"pesu131","pesu120","16.7530766657958"
1,"pesu132","pesu120","153.882159047632"
1,"pesu133","pesu120","459.830322561825"
1,"pesu134","pesu120","270.848248562707"
1,"pesu135","pesu120","33.7266248958013"
1,"pesu137","pesu120","290.618818733441"
1,"pesu138","pesu120","230.512088380133"
1,"pesu139","pesu120","241.323656583813"
1,"pesu143","pesu120","580.777092191928"
1,"pesu144","pesu120","583.002965606059"
1,"pesu145","pesu120","769.040991654394"
1,"pesu147","pesu120","467.99416452313"
1,"pesu148","pesu120","473.416369358288"
1,"pesu149","pesu120","480.918150870904"
1,"pesu152","pesu120","406.303584249525"
1,"pesu154","pesu120","396.055735073419"
1,"pesu157","pesu120","365.077436729663"
1,"pesu161","pesu120","651.13049658592"
1,"pesu162","pesu120",NA
1,"pesu101","pesu121","389.348147948266"
1,"pesu102","pesu121","369.731032188782"
1,"pesu103","pesu121","366.857446133098"
1,"pesu104","pesu121","573.485100909604"
1,"pesu105","pesu121","392.466766775895"
1,"pesu106","pesu121","136.373111475171"
1,"pesu107","pesu121","349.269776018046"
1,"pesu108","pesu121","360.255431590877"
1,"pesu110","pesu121","159.58575243566"
1,"pesu111","pesu121","357.142983847191"
1,"pesu112","pesu121","370.596218190045"
1,"pesu113","pesu121","142.77931120649"
1,"pesu116","pesu121","366.551204718984"
1,"pesu117","pesu121","587.037454773409"
1,"pesu119","pesu121","149.791974365067"
1,"pesu120","pesu121","134.740787923936"
1,"pesu121","pesu121","0"
1,"pesu122","pesu121","428.795173385909"
1,"pesu123","pesu121","356.842807772139"
1,"pesu124","pesu121","377.328824333658"
1,"pesu125","pesu121","387.972201280327"
1,"pesu126","pesu121","448.184850559711"
1,"pesu127","pesu121","364.922915961189"
1,"pesu128","pesu121","374.646894442732"
1,"pesu129","pesu121","340.092553189816"
1,"pesu131","pesu121","151.492956857922"
1,"pesu132","pesu121","261.930341278539"
1,"pesu133","pesu121","443.722122268379"
1,"pesu134","pesu121","351.260839604413"
1,"pesu135","pesu121","166.537261873781"
1,"pesu137","pesu121","424.778489732194"
1,"pesu138","pesu121","364.128127805398"
1,"pesu139","pesu121","370.115447157652"
1,"pesu143","pesu121","583.605700565923"
1,"pesu144","pesu121","583.677946595814"
1,"pesu145","pesu121","775.754484718857"
1,"pesu147","pesu121","455.034234621587"
1,"pesu148","pesu121","457.14772432664"
1,"pesu149","pesu121","460.778572862261"
1,"pesu152","pesu121","368.362965095175"
1,"pesu154","pesu121","343.526069660421"
1,"pesu157","pesu121","357.75098475662"
1,"pesu161","pesu121","600.180324107979"
1,"pesu162","pesu121",NA
1,"pesu101","pesu122","42.435901166036"
1,"pesu102","pesu122","59.6887187500499"
1,"pesu103","pesu122","65.8511297698065"
1,"pesu104","pesu122","827.803802189122"
1,"pesu105","pesu122","36.4678146203138"
1,"pesu106","pesu122","293.464496281074"
1,"pesu107","pesu122","295.739226309376"
1,"pesu108","pesu122","109.411785540595"
1,"pesu110","pesu122","269.425103490683"
1,"pesu111","pesu122","301.113632401156"
1,"pesu112","pesu122","300.658107209193"
1,"pesu113","pesu122","289.453053514221"
1,"pesu116","pesu122","78.4279735450165"
1,"pesu117","pesu122","841.295766123109"
1,"pesu119","pesu122","578.54651802102"
1,"pesu120","pesu122","294.789947719414"
1,"pesu121","pesu122","428.795173385909"
1,"pesu122","pesu122","0"
1,"pesu123","pesu122","95.1189147009346"
1,"pesu124","pesu122","67.8751310162984"
1,"pesu125","pesu122","553.820474310447"
1,"pesu126","pesu122","564.584011147394"
1,"pesu127","pesu122","559.462861400955"
1,"pesu128","pesu122","558.719607760252"
1,"pesu129","pesu122","94.4803633283738"
1,"pesu131","pesu122","278.20373132038"
1,"pesu132","pesu122","247.365771067345"
1,"pesu133","pesu122","580.032355260932"
1,"pesu134","pesu122","270.206067632053"
1,"pesu135","pesu122","262.275976501621"
1,"pesu137","pesu122","5.80178720532832"
1,"pesu138","pesu122","64.9797434309203"
1,"pesu139","pesu122","84.3998209075969"
1,"pesu143","pesu122","643.09384853973"
1,"pesu144","pesu122","649.233955870163"
1,"pesu145","pesu122","798.880545893136"
1,"pesu147","pesu122","581.011923824887"
1,"pesu148","pesu122","591.08745654804"
1,"pesu149","pesu122","603.796068488034"
1,"pesu152","pesu122","572.738665752622"
1,"pesu154","pesu122","585.361763066365"
1,"pesu157","pesu122","545.328776715041"
1,"pesu161","pesu122","855.201407692871"
1,"pesu162","pesu122",NA
1,"pesu101","pesu123","55.548943873953"
1,"pesu102","pesu123","51.5710617698225"
1,"pesu103","pesu123","38.5110202464444"
1,"pesu104","pesu123","811.624224750558"
1,"pesu105","pesu123","71.8665257069353"
1,"pesu106","pesu123","227.847685327624"
1,"pesu107","pesu123","206.958805327124"
1,"pesu108","pesu123","21.1425395364704"
1,"pesu110","pesu123","202.953511534202"
1,"pesu111","pesu123","213.291016794755"
1,"pesu112","pesu123","214.942711401325"
1,"pesu113","pesu123","227.220785620213"
1,"pesu116","pesu123","17.0591085062889"
1,"pesu117","pesu123","825.434939860101"
1,"pesu119","pesu123","505.713946542411"
1,"pesu120","pesu123","228.517412676738"
1,"pesu121","pesu123","356.842807772139"
1,"pesu122","pesu123","95.1189147009346"
1,"pesu123","pesu123","0"
1,"pesu124","pesu123","27.2907252386035"
1,"pesu125","pesu123","546.689386352989"
1,"pesu126","pesu123","473.322320392369"
1,"pesu127","pesu123","546.33022923197"
1,"pesu128","pesu123","547.859560393656"
1,"pesu129","pesu123","30.7366059839508"
1,"pesu131","pesu123","213.192586619084"
1,"pesu132","pesu123","233.044964672139"
1,"pesu133","pesu123","487.798346681729"
1,"pesu134","pesu123","182.38207859558"
1,"pesu135","pesu123","194.792896652869"
1,"pesu137","pesu123","94.5269026996522"
1,"pesu138","pesu123","52.0507365355985"
1,"pesu139","pesu123","13.5000022632157"
1,"pesu143","pesu123","558.948405071797"
1,"pesu144","pesu123","564.55592683292"
1,"pesu145","pesu123","722.761175837281"
1,"pesu147","pesu123","489.445119758616"
1,"pesu148","pesu123","499.199629770458"
1,"pesu149","pesu123","511.575386259727"
1,"pesu152","pesu123","477.834180878211"
1,"pesu154","pesu123","490.258804977164"
1,"pesu157","pesu123","532.793354568267"
1,"pesu161","pesu123","839.462115400263"
1,"pesu162","pesu123",NA
1,"pesu101","pesu124","30.018085232752"
1,"pesu102","pesu124","33.8852325813018"
1,"pesu103","pesu124","22.548179627734"
1,"pesu104","pesu124","816.49664225441"
1,"pesu105","pesu124","47.7809697013575"
1,"pesu106","pesu124","245.704046131744"
1,"pesu107","pesu124","231.373465310088"
1,"pesu108","pesu124","43.0856413737262"
1,"pesu110","pesu124","220.878782451875"
1,"pesu111","pesu124","237.33617141744"
1,"pesu112","pesu124","238.159701426165"
1,"pesu113","pesu124","243.955798568666"
1,"pesu116","pesu124","11.4450072936401"
1,"pesu117","pesu124","830.233569313111"
1,"pesu119","pesu124","526.751416799522"
1,"pesu120","pesu124","246.595496011058"
1,"pesu121","pesu124","377.328824333658"
1,"pesu122","pesu124","67.8751310162984"
1,"pesu123","pesu124","27.2907252386035"
1,"pesu124","pesu124","0"
1,"pesu125","pesu124","548.404832694207"
1,"pesu126","pesu124","498.934484382905"
1,"pesu127","pesu124","549.786241888226"
1,"pesu128","pesu124","550.659778973222"
1,"pesu129","pesu124","38.2856912538648"
1,"pesu131","pesu124","230.723445484226"
1,"pesu132","pesu124","234.654465370227"
1,"pesu133","pesu124","513.781417903622"
1,"pesu134","pesu124","206.33917171657"
1,"pesu135","pesu124","212.981102687299"
1,"pesu137","pesu124","67.4694294848406"
1,"pesu138","pesu124","37.2325609637645"
1,"pesu139","pesu124","17.3929341613023"
1,"pesu143","pesu124","582.069377674972"
1,"pesu144","pesu124","587.863549381499"
1,"pesu145","pesu124","743.300887217354"
1,"pesu147","pesu124","515.176288973679"
1,"pesu148","pesu124","525.054046986563"
1,"pesu149","pesu124","537.558522317064"
1,"pesu152","pesu124","504.92957748811"
1,"pesu154","pesu124","517.538261478407"
1,"pesu157","pesu124","536.03392815039"
1,"pesu161","pesu124","844.243622685972"
1,"pesu162","pesu124",NA
1,"pesu101","pesu125","537.152409728371"
1,"pesu102","pesu125","519.185288496227"
1,"pesu103","pesu125","526.743671960238"
1,"pesu104","pesu125","277.68985470031"
1,"pesu105","pesu125","526.184763201473"
1,"pesu106","pesu125","386.785317525957"
1,"pesu107","pesu125","664.013973826107"
1,"pesu108","pesu125","563.644627422241"
1,"pesu110","pesu125","400.770632154861"
1,"pesu111","pesu125","672.98109606518"
1,"pesu112","pesu125","683.73612766533"
1,"pesu113","pesu125","376.933849013281"
1,"pesu116","pesu125","543.553302132961"
1,"pesu117","pesu125","290.623189050473"
1,"pesu119","pesu125","423.661841701858"
1,"pesu120","pesu125","388.59042728479"
1,"pesu121","pesu125","387.972201280327"
1,"pesu122","pesu125","553.820474310447"
1,"pesu123","pesu125","546.689386352989"
1,"pesu124","pesu125","548.404832694207"
1,"pesu125","pesu125","0"
1,"pesu126","pesu125","829.364038941464"
1,"pesu127","pesu125","35.0997999434282"
1,"pesu128","pesu125","21.9402739643819"
1,"pesu129","pesu125","516.431791407069"
1,"pesu131","pesu125","391.737971224999"
1,"pesu132","pesu125","313.928027297221"
1,"pesu133","pesu125","827.558588796597"
1,"pesu134","pesu125","653.502947060993"
1,"pesu135","pesu125","407.464836141827"
1,"pesu137","pesu125","548.021059836267"
1,"pesu138","pesu125","513.959191071845"
1,"pesu139","pesu125","554.395922700342"
1,"pesu143","pesu125","960.642817600553"
1,"pesu144","pesu125","961.829233269204"
1,"pesu145","pesu125","1151.59044965526"
1,"pesu147","pesu125","837.925568326311"
1,"pesu148","pesu125","841.159360582042"
1,"pesu149","pesu125","845.942423626645"
1,"pesu152","pesu125","756.034269767711"
1,"pesu154","pesu125","731.216831686131"
1,"pesu157","pesu125","33.0765484524998"
1,"pesu161","pesu125","304.224157904135"
1,"pesu162","pesu125",NA
1,"pesu101","pesu126","528.615133660694"
1,"pesu102","pesu126","523.097464193189"
1,"pesu103","pesu126","510.720925533373"
1,"pesu104","pesu126","1017.32777620984"
1,"pesu105","pesu126","545.163321381959"
1,"pesu106","pesu126","459.221073192937"
1,"pesu107","pesu126","269.425101531697"
1,"pesu108","pesu126","455.963663891625"
1,"pesu110","pesu126","455.63972490393"
1,"pesu111","pesu126","264.928274663758"
1,"pesu112","pesu126","267.999732115844"
1,"pesu113","pesu126","471.393361598707"
1,"pesu116","pesu126","490.254729285484"
1,"pesu117","pesu126","1030.55961896213"
1,"pesu119","pesu126","499.926116535118"
1,"pesu120","pesu126","456.795352854924"
1,"pesu121","pesu126","448.184850559711"
1,"pesu122","pesu126","564.584011147394"
1,"pesu123","pesu126","473.322320392369"
1,"pesu124","pesu126","498.934484382905"
1,"pesu125","pesu126","829.364038941464"
1,"pesu126","pesu126","0"
1,"pesu127","pesu126","809.652899379269"
1,"pesu128","pesu126","818.333999375757"
1,"pesu129","pesu126","488.702017157029"
1,"pesu131","pesu126","460.796913356495"
1,"pesu132","pesu126","597.010091307605"
1,"pesu133","pesu126","25.2736467468055"
1,"pesu134","pesu126","295.276072470498"
1,"pesu135","pesu126","452.409680445222"
1,"pesu137","pesu126","565.355941886609"
1,"pesu138","pesu126","521.781318433792"
1,"pesu139","pesu126","481.601478568792"
1,"pesu143","pesu126","137.899750471197"
1,"pesu144","pesu126","136.658227334282"
1,"pesu145","pesu126","328.945483883293"
1,"pesu147","pesu126","17.3840502931342"
1,"pesu148","pesu126","29.2067279145582"
1,"pesu149","pesu126","43.8373912647409"
1,"pesu152","pesu126","113.62301008358"
1,"pesu154","pesu126","160.497130679298"
1,"pesu157","pesu126","801.139889464274"
1,"pesu161","pesu126","1043.24298867572"
1,"pesu162","pesu126",NA
1,"pesu101","pesu127","540.348327996965"
1,"pesu102","pesu127","521.753698171893"
1,"pesu103","pesu127","528.578737190767"
1,"pesu104","pesu127","268.358804170165"
1,"pesu105","pesu127","530.359676840749"
1,"pesu106","pesu127","374.609013420013"
1,"pesu107","pesu127","653.610367885839"
1,"pesu108","pesu127","562.452950362808"
1,"pesu110","pesu127","390.305159928719"
1,"pesu111","pesu127","662.55227897402"
1,"pesu112","pesu127","673.72209170131"
1,"pesu113","pesu127","365.485216352023"
1,"pesu116","pesu127","544.279588719459"
1,"pesu117","pesu127","281.832960754688"
1,"pesu119","pesu127","392.50258229742"
1,"pesu120","pesu127","376.237423819766"
1,"pesu121","pesu127","364.922915961189"
1,"pesu122","pesu127","559.462861400955"
1,"pesu123","pesu127","546.33022923197"
1,"pesu124","pesu127","549.786241888226"
1,"pesu125","pesu127","35.0997999434282"
1,"pesu126","pesu127","809.652899379269"
1,"pesu127","pesu127","0"
1,"pesu128","pesu127","13.3259585561155"
1,"pesu129","pesu127","516.495581198578"
1,"pesu131","pesu127","380.789644050224"
1,"pesu132","pesu127","315.374530491073"
1,"pesu133","pesu127","806.963466336228"
1,"pesu134","pesu127","644.334076128285"
1,"pesu135","pesu127","397.411936805756"
1,"pesu137","pesu127","553.685170028991"
1,"pesu138","pesu127","516.346303916625"
1,"pesu139","pesu127","554.727442407911"
1,"pesu143","pesu127","942.267880774354"
1,"pesu144","pesu127","943.162099116368"
1,"pesu145","pesu127","1133.75468500752"
1,"pesu147","pesu127","817.679111585536"
1,"pesu148","pesu127","820.511270418859"
1,"pesu149","pesu127","824.821382752976"
1,"pesu152","pesu127","733.268095416807"
1,"pesu154","pesu127","707.045935531903"
1,"pesu157","pesu127","14.3116352261528"
1,"pesu161","pesu127","295.741600011034"
1,"pesu162","pesu127",NA
1,"pesu101","pesu128","540.52891084104"
1,"pesu102","pesu128","522.163101737322"
1,"pesu103","pesu128","529.269867192692"
1,"pesu104","pesu128","269.77391602223"
1,"pesu105","pesu128","530.162581808452"
1,"pesu106","pesu128","380.422265659999"
1,"pesu107","pesu128","658.916198350682"
1,"pesu108","pesu128","564.303332505975"
1,"pesu110","pesu128","395.501733849942"
1,"pesu111","pesu128","667.869990607069"
1,"pesu112","pesu128","678.89109841105"
1,"pesu113","pesu128","371.022430896505"
1,"pesu116","pesu128","545.398240185525"
1,"pesu117","pesu128","283.057096534062"
1,"pesu119","pesu128","404.937612088608"
1,"pesu120","pesu128","382.11701535044"
1,"pesu121","pesu128","374.646894442732"
1,"pesu122","pesu128","558.719607760252"
1,"pesu123","pesu128","547.859560393656"
1,"pesu124","pesu128","550.659778973222"
1,"pesu125","pesu128","21.9402739643819"
1,"pesu126","pesu128","818.333999375757"
1,"pesu127","pesu128","13.3259585561155"
1,"pesu128","pesu128","0"
1,"pesu129","pesu128","517.850094382014"
1,"pesu131","pesu128","386.156202717407"
1,"pesu132","pesu128","316.026911253351"
1,"pesu133","pesu128","815.953198909291"
1,"pesu134","pesu128","649.183990859916"
1,"pesu135","pesu128","402.462086854665"
1,"pesu137","pesu128","552.930934596989"
1,"pesu138","pesu128","516.82159952861"
1,"pesu139","pesu128","556.00023098632"
1,"pesu143","pesu128","950.496193891758"
1,"pesu144","pesu128","951.493401465093"
1,"pesu145","pesu128","1141.81109976411"
1,"pesu147","pesu128","826.548644378193"
1,"pesu148","pesu128","829.521289345856"
1,"pesu149","pesu128","833.996460251819"
1,"pesu152","pesu128","742.999199644972"
1,"pesu154","pesu128","717.253571608582"
1,"pesu157","pesu128","17.260189062576"
1,"pesu161","pesu128","296.866443282529"
1,"pesu162","pesu128",NA
1,"pesu101","pesu129","52.1312403445317"
1,"pesu102","pesu129","37.2383647712099"
1,"pesu103","pesu129","28.6361910181755"
1,"pesu104","pesu129","782.282583070858"
1,"pesu105","pesu129","62.419836680592"
1,"pesu106","pesu129","207.66963530137"
1,"pesu107","pesu129","226.333933845598"
1,"pesu108","pesu129","50.4440802359"
1,"pesu110","pesu129","182.890707894982"
1,"pesu111","pesu129","233.311046703531"
1,"pesu112","pesu129","236.336065742957"
1,"pesu113","pesu129","205.737252185184"
1,"pesu116","pesu129","29.2330254025246"
1,"pesu117","pesu129","796.069388696049"
1,"pesu119","pesu129","489.708655654741"
1,"pesu120","pesu129","208.612041419669"
1,"pesu121","pesu129","340.092553189816"
1,"pesu122","pesu129","94.4803633283738"
1,"pesu123","pesu129","30.7366059839508"
1,"pesu124","pesu129","38.2856912538648"
1,"pesu125","pesu129","516.431791407069"
1,"pesu126","pesu129","488.702017157029"
1,"pesu127","pesu129","516.495581198578"
1,"pesu128","pesu129","517.850094382014"
1,"pesu129","pesu129","0"
1,"pesu131","pesu129","192.636509223889"
1,"pesu132","pesu129","202.627330161407"
1,"pesu133","pesu129","502.012434457289"
1,"pesu134","pesu129","202.859768066367"
1,"pesu135","pesu129","175.074406187745"
1,"pesu137","pesu129","92.061180935524"
1,"pesu138","pesu129","34.1883058142058"
1,"pesu139","pesu129","38.3364594227686"
1,"pesu143","pesu129","579.377830106604"
1,"pesu144","pesu129","584.676703957583"
1,"pesu145","pesu129","746.418193112959"
1,"pesu147","pesu129","504.445533058608"
1,"pesu148","pesu129","513.805118041645"
1,"pesu149","pesu129","525.744406252457"
1,"pesu152","pesu129","486.550989807025"
1,"pesu154","pesu129","496.183046091129"
1,"pesu157","pesu129","502.895679264397"
1,"pesu161","pesu129","810.092302440037"
1,"pesu162","pesu129",NA
1,"pesu101","pesu131","239.816746040249"
1,"pesu102","pesu131","219.768755876534"
1,"pesu103","pesu131","218.027171874431"
1,"pesu104","pesu131","631.089625805704"
1,"pesu105","pesu131","241.762935584915"
1,"pesu106","pesu131","15.2610690491498"
1,"pesu107","pesu131","272.821973303546"
1,"pesu108","pesu131","220.516573617272"
1,"pesu110","pesu131","10.8646252382426"
1,"pesu111","pesu131","281.766037555534"
1,"pesu112","pesu131","292.970129311413"
1,"pesu113","pesu131","16.1088631020399"
1,"pesu116","pesu131","220.566839104739"
1,"pesu117","pesu131","645.047781876864"
1,"pesu119","pesu131","300.788001111569"
1,"pesu120","pesu131","16.7530766657958"
1,"pesu121","pesu131","151.492956857922"
1,"pesu122","pesu131","278.20373132038"
1,"pesu123","pesu131","213.192586619084"
1,"pesu124","pesu131","230.723445484226"
1,"pesu125","pesu131","391.737971224999"
1,"pesu126","pesu131","460.796913356495"
1,"pesu127","pesu131","380.789644050224"
1,"pesu128","pesu131","386.156202717407"
1,"pesu129","pesu131","192.636509223889"
1,"pesu131","pesu131","0"
1,"pesu132","pesu131","143.486326181226"
1,"pesu133","pesu131","464.709965997034"
1,"pesu134","pesu131","264.134778349626"
1,"pesu135","pesu131","19.3179331697544"
1,"pesu137","pesu131","274.000936413139"
1,"pesu138","pesu131","214.030815612854"
1,"pesu139","pesu131","225.868859726061"
1,"pesu143","pesu131","582.790030782992"
1,"pesu144","pesu131","585.274890329886"
1,"pesu145","pesu131","770.036827062075"
1,"pesu147","pesu131","472.452878764807"
1,"pesu148","pesu131","478.238574033901"
1,"pesu149","pesu131","486.156822566022"
1,"pesu152","pesu131","414.016881735946"
1,"pesu154","pesu131","405.40346786228"
1,"pesu157","pesu131","369.25150000181"
1,"pesu161","pesu131","658.955446604685"
1,"pesu162","pesu131",NA
1,"pesu101","pesu132","225.242812853759"
1,"pesu102","pesu132","206.418376045568"
1,"pesu103","pesu132","213.255178935396"
1,"pesu104","pesu132","582.862483061422"
1,"pesu105","pesu132","216.168491723956"
1,"pesu106","pesu132","151.211257694814"
1,"pesu107","pesu132","377.684033922401"
1,"pesu108","pesu132","250.618271201812"
1,"pesu110","pesu132","145.395155758816"
1,"pesu111","pesu132","386.430108412269"
1,"pesu112","pesu132","394.788061913306"
1,"pesu113","pesu132","138.95832433791"
1,"pesu116","pesu132","229.628656550965"
1,"pesu117","pesu132","596.516730590441"
1,"pesu119","pesu132","395.890223960681"
1,"pesu120","pesu132","153.882159047632"
1,"pesu121","pesu132","261.930341278539"
1,"pesu122","pesu132","247.365771067345"
1,"pesu123","pesu132","233.044964672139"
1,"pesu124","pesu132","234.654465370227"
1,"pesu125","pesu132","313.928027297221"
1,"pesu126","pesu132","597.010091307605"
1,"pesu127","pesu132","315.374530491073"
1,"pesu128","pesu132","316.026911253351"
1,"pesu129","pesu132","202.627330161407"
1,"pesu131","pesu132","143.486326181226"
1,"pesu132","pesu132","0"
1,"pesu133","pesu132","602.894119236129"
1,"pesu134","pesu132","361.672782185135"
1,"pesu135","pesu132","146.727438979176"
1,"pesu137","pesu132","241.697801189913"
1,"pesu138","pesu132","200.982316923926"
1,"pesu139","pesu132","240.488858167306"
1,"pesu143","pesu132","712.616013932868"
1,"pesu144","pesu132","715.932933953613"
1,"pesu145","pesu132","895.243919921243"
1,"pesu147","pesu132","609.683590964888"
1,"pesu148","pesu132","616.248189082293"
1,"pesu149","pesu132","625.000472966744"
1,"pesu152","pesu132","556.631832195399"
1,"pesu154","pesu132","548.877484518579"
1,"pesu157","pesu132","301.533210535963"
1,"pesu161","pesu132","610.498622759126"
1,"pesu162","pesu132",NA
1,"pesu101","pesu133","543.262203128084"
1,"pesu102","pesu133","536.97146322979"
1,"pesu103","pesu133","524.779976380321"
1,"pesu104","pesu133","1009.91208322083"
1,"pesu105","pesu133","559.503805333676"
1,"pesu106","pesu133","462.313933633274"
1,"pesu107","pesu133","286.131729062396"
1,"pesu108","pesu133","470.980969462383"
1,"pesu110","pesu133","460.077991879638"
1,"pesu111","pesu133","282.172482029147"
1,"pesu112","pesu133","286.117098326179"
1,"pesu113","pesu133","474.64267842666"
1,"pesu116","pesu133","504.80340030706"
1,"pesu117","pesu133","1023.03498756018"
1,"pesu119","pesu133","488.235937061735"
1,"pesu120","pesu133","459.830322561825"
1,"pesu121","pesu133","443.722122268379"
1,"pesu122","pesu133","580.032355260932"
1,"pesu123","pesu133","487.798346681729"
1,"pesu124","pesu133","513.781417903622"
1,"pesu125","pesu133","827.558588796597"
1,"pesu126","pesu133","25.2736467468055"
1,"pesu127","pesu133","806.963466336228"
1,"pesu128","pesu133","815.953198909291"
1,"pesu129","pesu133","502.012434457289"
1,"pesu131","pesu133","464.709965997034"
1,"pesu132","pesu133","602.894119236129"
1,"pesu133","pesu133","0"
1,"pesu134","pesu133","312.046042030169"
1,"pesu135","pesu133","457.278816861479"
1,"pesu137","pesu133","580.602189387389"
1,"pesu138","pesu133","535.423691945506"
1,"pesu139","pesu133","496.522224225556"
1,"pesu143","pesu133","150.041212915043"
1,"pesu144","pesu133","147.351484602175"
1,"pesu145","pesu133","337.883932216882"
1,"pesu147","pesu133","14.5620730740779"
1,"pesu148","pesu133","13.662980519467"
1,"pesu149","pesu133","23.7778610234768"
1,"pesu152","pesu133","95.0863234147249"
1,"pesu154","pesu133","141.213766987824"
1,"pesu157","pesu133","798.814372775746"
1,"pesu161","pesu133","1035.57493877741"
1,"pesu162","pesu133",NA
1,"pesu101","pesu134","236.344900072989"
1,"pesu102","pesu134","233.724071664136"
1,"pesu103","pesu134","220.79475983722"
1,"pesu104","pesu134","894.083365093038"
1,"pesu105","pesu134","253.720398737298"
1,"pesu106","pesu134","272.070934542421"
1,"pesu107","pesu134","25.9146192083953"
1,"pesu108","pesu134","163.332897897995"
1,"pesu110","pesu134","254.269078031023"
1,"pesu111","pesu134","31.0003093954211"
1,"pesu112","pesu134","34.1351439979707"
1,"pesu113","pesu134","279.86516458961"
1,"pesu116","pesu134","198.761925747853"
1,"pesu117","pesu134","908.029053164732"
1,"pesu119","pesu134","478.966378944874"
1,"pesu120","pesu134","270.848248562707"
1,"pesu121","pesu134","351.260839604413"
1,"pesu122","pesu134","270.206067632053"
1,"pesu123","pesu134","182.38207859558"
1,"pesu124","pesu134","206.33917171657"
1,"pesu125","pesu134","653.502947060993"
1,"pesu126","pesu134","295.276072470498"
1,"pesu127","pesu134","644.334076128285"
1,"pesu128","pesu134","649.183990859916"
1,"pesu129","pesu134","202.859768066367"
1,"pesu131","pesu134","264.134778349626"
1,"pesu132","pesu134","361.672782185135"
1,"pesu133","pesu134","312.046042030169"
1,"pesu134","pesu134","0"
1,"pesu135","pesu134","246.977473732796"
1,"pesu137","pesu134","271.346185596501"
1,"pesu138","pesu134","233.4418879804"
1,"pesu139","pesu134","188.963167700572"
1,"pesu143","pesu134","376.769406612074"
1,"pesu144","pesu134","382.260336169655"
1,"pesu145","pesu134","545.072974937161"
1,"pesu147","pesu134","312.000472086588"
1,"pesu148","pesu134","322.476167614447"
1,"pesu149","pesu134","335.674199009926"
1,"pesu152","pesu134","319.083442081858"
1,"pesu154","pesu134","342.17043622648"
1,"pesu157","pesu134","632.461707782584"
1,"pesu161","pesu134","921.869434235161"
1,"pesu162","pesu134",NA
1,"pesu101","pesu135","223.17151459311"
1,"pesu102","pesu135","203.36018361754"
1,"pesu103","pesu135","201.021955089428"
1,"pesu104","pesu135","649.272294358728"
1,"pesu105","pesu135","225.931543090943"
1,"pesu106","pesu135","33.1161030735157"
1,"pesu107","pesu135","256.566550479043"
1,"pesu108","pesu135","201.636960008334"
1,"pesu110","pesu135","8.47020827915076"
1,"pesu111","pesu135","265.530979618853"
1,"pesu112","pesu135","276.434561821419"
1,"pesu113","pesu135","35.1809758214246"
1,"pesu116","pesu135","202.649399126324"
1,"pesu117","pesu135","663.231334749867"
1,"pesu119","pesu135","316.270564591896"
1,"pesu120","pesu135","33.7266248958013"
1,"pesu121","pesu135","166.537261873781"
1,"pesu122","pesu135","262.275976501621"
1,"pesu123","pesu135","194.792896652869"
1,"pesu124","pesu135","212.981102687299"
1,"pesu125","pesu135","407.464836141827"
1,"pesu126","pesu135","452.409680445222"
1,"pesu127","pesu135","397.411936805756"
1,"pesu128","pesu135","402.462086854665"
1,"pesu129","pesu135","175.074406187745"
1,"pesu131","pesu135","19.3179331697544"
1,"pesu132","pesu135","146.727438979176"
1,"pesu133","pesu135","457.278816861479"
1,"pesu134","pesu135","246.977473732796"
1,"pesu135","pesu135","0"
1,"pesu137","pesu135","258.241628263173"
1,"pesu138","pesu135","197.707996543446"
1,"pesu139","pesu135","207.598244956567"
1,"pesu143","pesu135","572.23090828313"
1,"pesu144","pesu135","574.969039864754"
1,"pesu145","pesu135","758.39862852126"
1,"pesu147","pesu135","464.545647600988"
1,"pesu148","pesu135","470.724813070054"
1,"pesu149","pesu135","479.099969100658"
1,"pesu152","pesu135","410.03571842462"
1,"pesu154","pesu135","403.589715239454"
1,"pesu157","pesu135","385.656264995987"
1,"pesu161","pesu135","677.156539449861"
1,"pesu162","pesu135",NA
1,"pesu101","pesu137","40.4705505997306"
1,"pesu102","pesu137","56.4397779904634"
1,"pesu103","pesu137","63.5415854658113"
1,"pesu104","pesu137","822.0284973268"
1,"pesu105","pesu137","32.32249900455"
1,"pesu106","pesu137","289.261542524688"
1,"pesu107","pesu137","296.785060925002"
1,"pesu108","pesu137","109.682801040442"
1,"pesu110","pesu137","265.318686302209"
1,"pesu111","pesu137","302.295290760417"
1,"pesu112","pesu137","302.097639508892"
1,"pesu113","pesu137","285.089002768873"
1,"pesu116","pesu137","77.6374584710946"
1,"pesu117","pesu137","835.518127898765"
1,"pesu119","pesu137","574.495216965804"
1,"pesu120","pesu137","290.618818733441"
1,"pesu121","pesu137","424.778489732194"
1,"pesu122","pesu137","5.80178720532832"
1,"pesu123","pesu137","94.5269026996522"
1,"pesu124","pesu137","67.4694294848406"
1,"pesu125","pesu137","548.021059836267"
1,"pesu126","pesu137","565.355941886609"
1,"pesu127","pesu137","553.685170028991"
1,"pesu128","pesu137","552.930934596989"
1,"pesu129","pesu137","92.061180935524"
1,"pesu131","pesu137","274.000936413139"
1,"pesu132","pesu137","241.697801189913"
1,"pesu133","pesu137","580.602189387389"
1,"pesu134","pesu137","271.346185596501"
1,"pesu135","pesu137","258.241628263173"
1,"pesu137","pesu137","0"
1,"pesu138","pesu137","61.5012511960708"
1,"pesu139","pesu137","84.3615244446945"
1,"pesu143","pesu137","644.924714960452"
1,"pesu144","pesu137","651.00407893253"
1,"pesu145","pesu137","801.544704374279"
1,"pesu147","pesu137","581.725941516758"
1,"pesu148","pesu137","591.735826619161"
1,"pesu149","pesu137","604.372769837197"
1,"pesu152","pesu137","572.354758950475"
1,"pesu154","pesu137","584.526519578642"
1,"pesu157","pesu137","539.548979277843"
1,"pesu161","pesu137","849.422612539404"
1,"pesu162","pesu137",NA
1,"pesu101","pesu138","26.5662806901839"
1,"pesu102","pesu138","5.95727718053431"
1,"pesu103","pesu138","14.970748763107"
1,"pesu104","pesu138","783.740935704277"
1,"pesu105","pesu138","29.7416166555622"
1,"pesu106","pesu138","229.275257110944"
1,"pesu107","pesu138","257.567242888639"
1,"pesu108","pesu138","72.888544986211"
1,"pesu110","pesu138","205.00842692767"
1,"pesu111","pesu138","264.203822569905"
1,"pesu112","pesu138","266.390961629144"
1,"pesu113","pesu138","225.80567584804"
1,"pesu116","pesu138","38.1685797998942"
1,"pesu117","pesu138","797.420324667603"
1,"pesu119","pesu138","513.913748834015"
1,"pesu120","pesu138","230.512088380133"
1,"pesu121","pesu138","364.128127805398"
1,"pesu122","pesu138","64.9797434309203"
1,"pesu123","pesu138","52.0507365355985"
1,"pesu124","pesu138","37.2325609637645"
1,"pesu125","pesu138","513.959191071845"
1,"pesu126","pesu138","521.781318433792"
1,"pesu127","pesu138","516.346303916625"
1,"pesu128","pesu138","516.82159952861"
1,"pesu129","pesu138","34.1883058142058"
1,"pesu131","pesu138","214.030815612854"
1,"pesu132","pesu138","200.982316923926"
1,"pesu133","pesu138","535.423691945506"
1,"pesu134","pesu138","233.4418879804"
1,"pesu135","pesu138","197.707996543446"
1,"pesu137","pesu138","61.5012511960708"
1,"pesu138","pesu138","0"
1,"pesu139","pesu138","50.3590928449362"
1,"pesu143","pesu138","610.206089479118"
1,"pesu144","pesu138","615.692534610246"
1,"pesu145","pesu138","774.797306309824"
1,"pesu147","pesu138","537.643519591524"
1,"pesu148","pesu138","547.116871646911"
1,"pesu149","pesu138","559.173539928611"
1,"pesu152","pesu138","520.724348281887"
1,"pesu154","pesu138","530.308022586216"
1,"pesu157","pesu138","502.47812212993"
1,"pesu161","pesu138","811.410940477602"
1,"pesu162","pesu138",NA
1,"pesu101","pesu139","47.3817324697366"
1,"pesu102","pesu139","48.3506201368158"
1,"pesu103","pesu139","35.522565214212"
1,"pesu104","pesu139","820.612949299514"
1,"pesu105","pesu139","64.9539639745033"
1,"pesu106","pesu139","240.6060895718"
1,"pesu107","pesu139","213.981790767536"
1,"pesu108","pesu139","25.6947297791403"
1,"pesu110","pesu139","215.708929343341"
1,"pesu111","pesu139","219.958384042477"
1,"pesu112","pesu139","220.85672229509"
1,"pesu113","pesu139","239.723460069155"
1,"pesu116","pesu139","12.312626447698"
1,"pesu117","pesu139","834.397759523962"
1,"pesu119","pesu139","519.069847024236"
1,"pesu120","pesu139","241.323656583813"
1,"pesu121","pesu139","370.115447157652"
1,"pesu122","pesu139","84.3998209075969"
1,"pesu123","pesu139","13.5000022632157"
1,"pesu124","pesu139","17.3929341613023"
1,"pesu125","pesu139","554.395922700342"
1,"pesu126","pesu139","481.601478568792"
1,"pesu127","pesu139","554.727442407911"
1,"pesu128","pesu139","556.00023098632"
1,"pesu129","pesu139","38.3364594227686"
1,"pesu131","pesu139","225.868859726061"
1,"pesu132","pesu139","240.488858167306"
1,"pesu133","pesu139","496.522224225556"
1,"pesu134","pesu139","188.963167700572"
1,"pesu135","pesu139","207.598244956567"
1,"pesu137","pesu139","84.3615244446945"
1,"pesu138","pesu139","50.3590928449362"
1,"pesu139","pesu139","0"
1,"pesu143","pesu139","564.811743083419"
1,"pesu144","pesu139","570.579548449753"
1,"pesu145","pesu139","726.611163218362"
1,"pesu147","pesu139","497.862483221888"
1,"pesu148","pesu139","507.764198445608"
1,"pesu149","pesu139","520.298334507055"
1,"pesu152","pesu139","488.384254351971"
1,"pesu154","pesu139","501.540342578453"
1,"pesu157","pesu139","541.102539719185"
1,"pesu161","pesu139","848.420217973311"
1,"pesu162","pesu139",NA
1,"pesu101","pesu143","612.051783169398"
1,"pesu102","pesu143","610.410232590384"
1,"pesu103","pesu143","597.430724346161"
1,"pesu104","pesu143","1154.45740029481"
1,"pesu105","pesu143","629.763005541707"
1,"pesu106","pesu143","583.054236451242"
1,"pesu107","pesu143","353.066789417091"
1,"pesu108","pesu143","539.405152146268"
1,"pesu110","pesu143","576.463548540814"
1,"pesu111","pesu143","346.102053113215"
1,"pesu112","pesu143","344.035299321022"
1,"pesu113","pesu143","594.765531007851"
1,"pesu116","pesu143","575.088346964482"
1,"pesu117","pesu143","1167.74634237327"
1,"pesu119","pesu143","637.470935793071"
1,"pesu120","pesu143","580.777092191928"
1,"pesu121","pesu143","583.605700565923"
1,"pesu122","pesu143","643.09384853973"
1,"pesu123","pesu143","558.948405071797"
1,"pesu124","pesu143","582.069377674972"
1,"pesu125","pesu143","960.642817600553"
1,"pesu126","pesu143","137.899750471197"
1,"pesu127","pesu143","942.267880774354"
1,"pesu128","pesu143","950.496193891758"
1,"pesu129","pesu143","579.377830106604"
1,"pesu131","pesu143","582.790030782992"
1,"pesu132","pesu143","712.616013932868"
1,"pesu133","pesu143","150.041212915043"
1,"pesu134","pesu143","376.769406612074"
1,"pesu135","pesu143","572.23090828313"
1,"pesu137","pesu143","644.924714960452"
1,"pesu138","pesu143","610.206089479118"
1,"pesu139","pesu143","564.811743083419"
1,"pesu143","pesu143","0"
1,"pesu144","pesu143","9.38695632372599"
1,"pesu145","pesu143","192.148790789044"
1,"pesu147","pesu143","136.038400372197"
1,"pesu148","pesu143","139.118663898108"
1,"pesu149","pesu143","143.532715896819"
1,"pesu152","pesu143","244.379858885766"
1,"pesu154","pesu143","289.243767748699"
1,"pesu157","pesu143","933.251483758433"
1,"pesu161","pesu143","1180.50288626646"
1,"pesu162","pesu143",NA
1,"pesu101","pesu144","617.861686837782"
1,"pesu102","pesu144","615.970370694552"
1,"pesu103","pesu144","603.015711704138"
1,"pesu104","pesu144","1153.86474227011"
1,"pesu105","pesu144","635.518519382647"
1,"pesu106","pesu144","585.301771962016"
1,"pesu107","pesu144","358.343671968687"
1,"pesu108","pesu144","545.123882398391"
1,"pesu110","pesu144","579.086515505058"
1,"pesu111","pesu144","351.504542071184"
1,"pesu112","pesu144","349.734346206031"
1,"pesu113","pesu144","597.083249857107"
1,"pesu116","pesu144","580.767194403447"
1,"pesu117","pesu144","1167.11876962585"
1,"pesu119","pesu144","635.396613826118"
1,"pesu120","pesu144","583.002965606059"
1,"pesu121","pesu144","583.677946595814"
1,"pesu122","pesu144","649.233955870163"
1,"pesu123","pesu144","564.55592683292"
1,"pesu124","pesu144","587.863549381499"
1,"pesu125","pesu144","961.829233269204"
1,"pesu126","pesu144","136.658227334282"
1,"pesu127","pesu144","943.162099116368"
1,"pesu128","pesu144","951.493401465093"
1,"pesu129","pesu144","584.676703957583"
1,"pesu131","pesu144","585.274890329886"
1,"pesu132","pesu144","715.932933953613"
1,"pesu133","pesu144","147.351484602175"
1,"pesu134","pesu144","382.260336169655"
1,"pesu135","pesu144","574.969039864754"
1,"pesu137","pesu144","651.00407893253"
1,"pesu138","pesu144","615.692534610246"
1,"pesu139","pesu144","570.579548449753"
1,"pesu143","pesu144","9.38695632372599"
1,"pesu144","pesu144","0"
1,"pesu145","pesu144","192.384020796749"
1,"pesu147","pesu144","133.632076591031"
1,"pesu148","pesu144","135.93862193781"
1,"pesu149","pesu144","139.474933166757"
1,"pesu152","pesu144","241.030266920435"
1,"pesu154","pesu144","285.416876122507"
1,"pesu157","pesu144","934.256775548755"
1,"pesu161","pesu144","1179.82830282447"
1,"pesu162","pesu144",NA
1,"pesu101","pesu145","772.690363773015"
1,"pesu102","pesu145","774.136772984205"
1,"pesu103","pesu145","761.016783930788"
1,"pesu104","pesu145","1346.24107141218"
1,"pesu105","pesu145","790.874367972831"
1,"pesu106","pesu145","771.233362676075"
1,"pesu107","pesu145","523.995909013359"
1,"pesu108","pesu145","702.172232292088"
1,"pesu110","pesu145","763.137192289775"
1,"pesu111","pesu145","516.011300922598"
1,"pesu112","pesu145","511.025545996772"
1,"pesu113","pesu145","782.653553177578"
1,"pesu116","pesu145","737.834221115612"
1,"pesu117","pesu145","1359.48788863606"
1,"pesu119","pesu145","825.744274410669"
1,"pesu120","pesu145","769.040991654394"
1,"pesu121","pesu145","775.754484718857"
1,"pesu122","pesu145","798.880545893136"
1,"pesu123","pesu145","722.761175837281"
1,"pesu124","pesu145","743.300887217354"
1,"pesu125","pesu145","1151.59044965526"
1,"pesu126","pesu145","328.945483883293"
1,"pesu127","pesu145","1133.75468500752"
1,"pesu128","pesu145","1141.81109976411"
1,"pesu129","pesu145","746.418193112959"
1,"pesu131","pesu145","770.036827062075"
1,"pesu132","pesu145","895.243919921243"
1,"pesu133","pesu145","337.883932216882"
1,"pesu134","pesu145","545.072974937161"
1,"pesu135","pesu145","758.39862852126"
1,"pesu137","pesu145","801.544704374279"
1,"pesu138","pesu145","774.797306309824"
1,"pesu139","pesu145","726.611163218362"
1,"pesu143","pesu145","192.148790789044"
1,"pesu144","pesu145","192.384020796749"
1,"pesu145","pesu145","0"
1,"pesu147","pesu145","324.795936308832"
1,"pesu148","pesu145","325.554395261976"
1,"pesu149","pesu145","326.417608883007"
1,"pesu152","pesu145","428.695484989204"
1,"pesu154","pesu145","470.560803318088"
1,"pesu157","pesu145","1124.55630090449"
1,"pesu161","pesu145","1372.18402365082"
1,"pesu162","pesu145",NA
1,"pesu101","pesu147","544.800842810473"
1,"pesu102","pesu147","539.036524332269"
1,"pesu103","pesu147","526.71805484318"
1,"pesu104","pesu147","1022.31606919393"
1,"pesu105","pesu147","561.256087436044"
1,"pesu106","pesu147","470.45117943717"
1,"pesu107","pesu147","286.1230730259"
1,"pesu108","pesu147","472.248704699687"
1,"pesu110","pesu147","467.560877489524"
1,"pesu111","pesu147","281.756483289758"
1,"pesu112","pesu147","285.020428228386"
1,"pesu113","pesu147","482.709738877595"
1,"pesu116","pesu147","506.403462309455"
1,"pesu117","pesu147","1035.47397556587"
1,"pesu119","pesu147","501.772692764069"
1,"pesu120","pesu147","467.99416452313"
1,"pesu121","pesu147","455.034234621587"
1,"pesu122","pesu147","581.011923824887"
1,"pesu123","pesu147","489.445119758616"
1,"pesu124","pesu147","515.176288973679"
1,"pesu125","pesu147","837.925568326311"
1,"pesu126","pesu147","17.3840502931342"
1,"pesu127","pesu147","817.679111585536"
1,"pesu128","pesu147","826.548644378193"
1,"pesu129","pesu147","504.445533058608"
1,"pesu131","pesu147","472.452878764807"
1,"pesu132","pesu147","609.683590964888"
1,"pesu133","pesu147","14.5620730740779"
1,"pesu134","pesu147","312.000472086588"
1,"pesu135","pesu147","464.545647600988"
1,"pesu137","pesu147","581.725941516758"
1,"pesu138","pesu147","537.643519591524"
1,"pesu139","pesu147","497.862483221888"
1,"pesu143","pesu147","136.038400372197"
1,"pesu144","pesu147","133.632076591031"
1,"pesu145","pesu147","324.795936308832"
1,"pesu147","pesu147","0"
1,"pesu148","pesu147","12.0621049459661"
1,"pesu149","pesu147","26.7432303105158"
1,"pesu152","pesu147","109.580068406771"
1,"pesu154","pesu147","155.770245545855"
1,"pesu157","pesu147","809.385967734612"
1,"pesu161","pesu147","1048.05938143514"
1,"pesu162","pesu147",NA
1,"pesu101","pesu148","554.612938555376"
1,"pesu102","pesu148","548.588839935502"
1,"pesu103","pesu148","536.333031024209"
1,"pesu104","pesu148","1022.86554002983"
1,"pesu105","pesu148","570.966023019667"
1,"pesu106","pesu148","475.896864263525"
1,"pesu107","pesu148","296.576408461683"
1,"pesu108","pesu148","482.181503060047"
1,"pesu110","pesu148","473.563633797979"
1,"pesu111","pesu148","292.369955131187"
1,"pesu112","pesu148","295.887291820322"
1,"pesu113","pesu148","488.217316802538"
1,"pesu116","pesu148","516.182359967592"
1,"pesu117","pesu148","1035.96796694041"
1,"pesu119","pesu148","500.281841682789"
1,"pesu120","pesu148","473.416369358288"
1,"pesu121","pesu148","457.14772432664"
1,"pesu122","pesu148","591.08745654804"
1,"pesu123","pesu148","499.199629770458"
1,"pesu124","pesu148","525.054046986563"
1,"pesu125","pesu148","841.159360582042"
1,"pesu126","pesu148","29.2067279145582"
1,"pesu127","pesu148","820.511270418859"
1,"pesu128","pesu148","829.521289345856"
1,"pesu129","pesu148","513.805118041645"
1,"pesu131","pesu148","478.238574033901"
1,"pesu132","pesu148","616.248189082293"
1,"pesu133","pesu148","13.662980519467"
1,"pesu134","pesu148","322.476167614447"
1,"pesu135","pesu148","470.724813070054"
1,"pesu137","pesu148","591.735826619161"
1,"pesu138","pesu148","547.116871646911"
1,"pesu139","pesu148","507.764198445608"
1,"pesu143","pesu148","139.118663898108"
1,"pesu144","pesu148","135.93862193781"
1,"pesu145","pesu148","325.554395261976"
1,"pesu147","pesu148","12.0621049459661"
1,"pesu148","pesu148","0"
1,"pesu149","pesu148","14.6878677707211"
1,"pesu152","pesu148","105.265797202119"
1,"pesu154","pesu148","150.563410411932"
1,"pesu157","pesu148","812.386487266958"
1,"pesu161","pesu148","1048.48078984383"
1,"pesu162","pesu148",NA
1,"pesu101","pesu149","567.039990540491"
1,"pesu102","pesu149","560.732113765408"
1,"pesu103","pesu149","548.547771506321"
1,"pesu104","pesu149","1024.38626870557"
1,"pesu105","pesu149","583.278086600572"
1,"pesu106","pesu149","483.424179967222"
1,"pesu107","pesu149","309.761911511636"
1,"pesu108","pesu149","494.75507309083"
1,"pesu110","pesu149","481.734529237045"
1,"pesu111","pesu149","305.72210190238"
1,"pesu112","pesu149","309.496386559464"
1,"pesu113","pesu149","495.808463349741"
1,"pesu116","pesu149","528.580882284932"
1,"pesu117","pesu149","1037.4190823797"
1,"pesu119","pesu149","499.515904356226"
1,"pesu120","pesu149","480.918150870904"
1,"pesu121","pesu149","460.778572862261"
1,"pesu122","pesu149","603.796068488034"
1,"pesu123","pesu149","511.575386259727"
1,"pesu124","pesu149","537.558522317064"
1,"pesu125","pesu149","845.942423626645"
1,"pesu126","pesu149","43.8373912647409"
1,"pesu127","pesu149","824.821382752976"
1,"pesu128","pesu149","833.996460251819"
1,"pesu129","pesu149","525.744406252457"
1,"pesu131","pesu149","486.156822566022"
1,"pesu132","pesu149","625.000472966744"
1,"pesu133","pesu149","23.7778610234768"
1,"pesu134","pesu149","335.674199009926"
1,"pesu135","pesu149","479.099969100658"
1,"pesu137","pesu149","604.372769837197"
1,"pesu138","pesu149","559.173539928611"
1,"pesu139","pesu149","520.298334507055"
1,"pesu143","pesu149","143.532715896819"
1,"pesu144","pesu149","139.474933166757"
1,"pesu145","pesu149","326.417608883007"
1,"pesu147","pesu149","26.7432303105158"
1,"pesu148","pesu149","14.6878677707211"
1,"pesu149","pesu149","0"
1,"pesu152","pesu149","102.365995649662"
1,"pesu154","pesu149","145.961382639242"
1,"pesu157","pesu149","816.899407576458"
1,"pesu161","pesu149","1049.84169964194"
1,"pesu162","pesu149",NA
1,"pesu101","pesu152","532.911457898098"
1,"pesu102","pesu152","523.265974597431"
1,"pesu103","pesu152","512.138549562323"
1,"pesu104","pesu152","925.266067238394"
1,"pesu105","pesu152","547.467684540283"
1,"pesu106","pesu152","408.925714179205"
1,"pesu107","pesu152","294.401102591915"
1,"pesu108","pesu152","463.892699108261"
1,"pesu110","pesu152","411.27992432581"
1,"pesu111","pesu152","293.25391502826"
1,"pesu112","pesu152","301.208042912413"
1,"pesu113","pesu152","421.517299191406"
1,"pesu116","pesu152","494.784153201289"
1,"pesu117","pesu152","938.16540599064"
1,"pesu119","pesu152","397.686312174994"
1,"pesu120","pesu152","406.303584249525"
1,"pesu121","pesu152","368.362965095175"
1,"pesu122","pesu152","572.738665752622"
1,"pesu123","pesu152","477.834180878211"
1,"pesu124","pesu152","504.92957748811"
1,"pesu125","pesu152","756.034269767711"
1,"pesu126","pesu152","113.62301008358"
1,"pesu127","pesu152","733.268095416807"
1,"pesu128","pesu152","742.999199644972"
1,"pesu129","pesu152","486.550989807025"
1,"pesu131","pesu152","414.016881735946"
1,"pesu132","pesu152","556.631832195399"
1,"pesu133","pesu152","95.0863234147249"
1,"pesu134","pesu152","319.083442081858"
1,"pesu135","pesu152","410.03571842462"
1,"pesu137","pesu152","572.354758950475"
1,"pesu138","pesu152","520.724348281887"
1,"pesu139","pesu152","488.384254351971"
1,"pesu143","pesu152","244.379858885766"
1,"pesu144","pesu152","241.030266920435"
1,"pesu145","pesu152","428.695484989204"
1,"pesu147","pesu152","109.580068406771"
1,"pesu148","pesu152","105.265797202119"
1,"pesu149","pesu152","102.365995649662"
1,"pesu152","pesu152","0"
1,"pesu154","pesu152","46.9374149338267"
1,"pesu157","pesu152","726.07637543416"
1,"pesu161","pesu152","950.421805967949"
1,"pesu162","pesu152",NA
1,"pesu101","pesu154","544.477235937117"
1,"pesu102","pesu154","533.308936171311"
1,"pesu103","pesu154","522.832182974753"
1,"pesu104","pesu154","890.616614421097"
1,"pesu105","pesu154","558.060515507817"
1,"pesu106","pesu154","398.720881000176"
1,"pesu107","pesu154","318.691946867718"
1,"pesu108","pesu154","477.87740392932"
1,"pesu110","pesu154","403.872156442659"
1,"pesu111","pesu154","318.709342203378"
1,"pesu112","pesu154","328.01035802232"
1,"pesu113","pesu154","411.272734744763"
1,"pesu116","pesu154","506.959982535471"
1,"pesu117","pesu154","903.324126246138"
1,"pesu119","pesu154","359.119764599394"
1,"pesu120","pesu154","396.055735073419"
1,"pesu121","pesu154","343.526069660421"
1,"pesu122","pesu154","585.361763066365"
1,"pesu123","pesu154","490.258804977164"
1,"pesu124","pesu154","517.538261478407"
1,"pesu125","pesu154","731.216831686131"
1,"pesu126","pesu154","160.497130679298"
1,"pesu127","pesu154","707.045935531903"
1,"pesu128","pesu154","717.253571608582"
1,"pesu129","pesu154","496.183046091129"
1,"pesu131","pesu154","405.40346786228"
1,"pesu132","pesu154","548.877484518579"
1,"pesu133","pesu154","141.213766987824"
1,"pesu134","pesu154","342.17043622648"
1,"pesu135","pesu154","403.589715239454"
1,"pesu137","pesu154","584.526519578642"
1,"pesu138","pesu154","530.308022586216"
1,"pesu139","pesu154","501.540342578453"
1,"pesu143","pesu154","289.243767748699"
1,"pesu144","pesu154","285.416876122507"
1,"pesu145","pesu154","470.560803318088"
1,"pesu147","pesu154","155.770245545855"
1,"pesu148","pesu154","150.563410411932"
1,"pesu149","pesu154","145.961382639242"
1,"pesu152","pesu154","46.9374149338267"
1,"pesu154","pesu154","0"
1,"pesu157","pesu154","700.54083022801"
1,"pesu161","pesu154","915.342742606666"
1,"pesu162","pesu154",NA
1,"pesu101","pesu157","526.405745863725"
1,"pesu102","pesu157","507.868298740011"
1,"pesu103","pesu157","514.771370579522"
1,"pesu104","pesu157","282.534372197925"
1,"pesu105","pesu157","516.329598715822"
1,"pesu106","pesu157","363.39827324589"
1,"pesu107","pesu157","642.046286309689"
1,"pesu108","pesu157","549.035670015907"
1,"pesu110","pesu157","378.648888920673"
1,"pesu111","pesu157","650.996828291662"
1,"pesu112","pesu157","662.064110608521"
1,"pesu113","pesu157","354.068218199803"
1,"pesu116","pesu157","530.603401920861"
1,"pesu117","pesu157","295.981505315401"
1,"pesu119","pesu157","390.614133739113"
1,"pesu120","pesu157","365.077436729663"
1,"pesu121","pesu157","357.75098475662"
1,"pesu122","pesu157","545.328776715041"
1,"pesu123","pesu157","532.793354568267"
1,"pesu124","pesu157","536.03392815039"
1,"pesu125","pesu157","33.0765484524998"
1,"pesu126","pesu157","801.139889464274"
1,"pesu127","pesu157","14.3116352261528"
1,"pesu128","pesu157","17.260189062576"
1,"pesu129","pesu157","502.895679264397"
1,"pesu131","pesu157","369.25150000181"
1,"pesu132","pesu157","301.533210535963"
1,"pesu133","pesu157","798.814372775746"
1,"pesu134","pesu157","632.461707782584"
1,"pesu135","pesu157","385.656264995987"
1,"pesu137","pesu157","539.548979277843"
1,"pesu138","pesu157","502.47812212993"
1,"pesu139","pesu157","541.102539719185"
1,"pesu143","pesu157","933.251483758433"
1,"pesu144","pesu157","934.256775548755"
1,"pesu145","pesu157","1124.55630090449"
1,"pesu147","pesu157","809.385967734612"
1,"pesu148","pesu157","812.386487266958"
1,"pesu149","pesu157","816.899407576458"
1,"pesu152","pesu157","726.07637543416"
1,"pesu154","pesu157","700.54083022801"
1,"pesu157","pesu157","0"
1,"pesu161","pesu157","309.876031353911"
1,"pesu162","pesu157",NA
1,"pesu101","pesu161","835.70700751956"
1,"pesu102","pesu161","816.890701883648"
1,"pesu103","pesu161","823.346003791951"
1,"pesu104","pesu161","27.9369495739634"
1,"pesu105","pesu161","825.986797320551"
1,"pesu106","pesu161","650.004062712347"
1,"pesu107","pesu161","927.736548595657"
1,"pesu108","pesu161","854.711717481583"
1,"pesu110","pesu161","669.311505457614"
1,"pesu111","pesu161","936.485582468895"
1,"pesu112","pesu161","948.661548528846"
1,"pesu113","pesu161","642.946117375724"
1,"pesu116","pesu161","838.303364357879"
1,"pesu117","pesu161","14.0305201568547"
1,"pesu119","pesu161","559.215229727586"
1,"pesu120","pesu161","651.13049658592"
1,"pesu121","pesu161","600.180324107979"
1,"pesu122","pesu161","855.201407692871"
1,"pesu123","pesu161","839.462115400263"
1,"pesu124","pesu161","844.243622685972"
1,"pesu125","pesu161","304.224157904135"
1,"pesu126","pesu161","1043.24298867572"
1,"pesu127","pesu161","295.741600011034"
1,"pesu128","pesu161","296.866443282529"
1,"pesu129","pesu161","810.092302440037"
1,"pesu131","pesu161","658.955446604685"
1,"pesu132","pesu161","610.498622759126"
1,"pesu133","pesu161","1035.57493877741"
1,"pesu134","pesu161","921.869434235161"
1,"pesu135","pesu161","677.156539449861"
1,"pesu137","pesu161","849.422612539404"
1,"pesu138","pesu161","811.410940477602"
1,"pesu139","pesu161","848.420217973311"
1,"pesu143","pesu161","1180.50288626646"
1,"pesu144","pesu161","1179.82830282447"
1,"pesu145","pesu161","1372.18402365082"
1,"pesu147","pesu161","1048.05938143514"
1,"pesu148","pesu161","1048.48078984383"
1,"pesu149","pesu161","1049.84169964194"
1,"pesu152","pesu161","950.421805967949"
1,"pesu154","pesu161","915.342742606666"
1,"pesu157","pesu161","309.876031353911"
1,"pesu161","pesu161","0"
1,"pesu162","pesu161",NA
1,"pesu101","pesu162",NA
1,"pesu102","pesu162",NA
1,"pesu103","pesu162",NA
1,"pesu104","pesu162",NA
1,"pesu105","pesu162",NA
1,"pesu106","pesu162",NA
1,"pesu107","pesu162",NA
1,"pesu108","pesu162",NA
1,"pesu110","pesu162",NA
1,"pesu111","pesu162",NA
1,"pesu112","pesu162",NA
1,"pesu113","pesu162",NA
1,"pesu116","pesu162",NA
1,"pesu117","pesu162",NA
1,"pesu119","pesu162",NA
1,"pesu120","pesu162",NA
1,"pesu121","pesu162",NA
1,"pesu122","pesu162",NA
1,"pesu123","pesu162",NA
1,"pesu124","pesu162",NA
1,"pesu125","pesu162",NA
1,"pesu126","pesu162",NA
1,"pesu127","pesu162",NA
1,"pesu128","pesu162",NA
1,"pesu129","pesu162",NA
1,"pesu131","pesu162",NA
1,"pesu132","pesu162",NA
1,"pesu133","pesu162",NA
1,"pesu134","pesu162",NA
1,"pesu135","pesu162",NA
1,"pesu137","pesu162",NA
1,"pesu138","pesu162",NA
1,"pesu139","pesu162",NA
1,"pesu143","pesu162",NA
1,"pesu144","pesu162",NA
1,"pesu145","pesu162",NA
1,"pesu147","pesu162",NA
1,"pesu148","pesu162",NA
1,"pesu149","pesu162",NA
1,"pesu152","pesu162",NA
1,"pesu154","pesu162",NA
1,"pesu157","pesu162",NA
1,"pesu161","pesu162",NA
1,"pesu162","pesu162","0"
